INSERT INTO models (models_id, path_model, color, material)
VALUES (83, '.', 'Gray', 'Metal'),
(84, '.', 'Gray', 'Metal'),
(85, '.', 'Gray', 'Metal'),
(86, '.', 'Gray', 'Metal');

INSERT INTO machines (machines_id, part_number, Models_models_id, canShowInfo, canBeSelected)
VALUES (83, 'NA', 83, 'True', 'False'),
(84, 'PR0501-3', 84, 'True', 'True'),
(85, 'NA', 85, 'True', 'False'),
(86, 'NA', 86, 'True', 'False');

INSERT INTO machinetranslation (Language_language_id, Machines_machines_id, name, shortInfo, info)
VALUES (1, 83, 'Caseta', 'Caseta', 'Caseta'),
(1, 84, 'Bomba', 'Bomba', 'BOMBA\n Fabricante: Reifox\n Tipo : centrifuga horizontal\n Modelo : 1 - 210 - 5.5 hp 1470 RPM\n Q : 55 mt3 / h\n 	H : 12 mca'),
(1, 85, 'Soplador', 'Soplador', 'Soplador'),
(1, 86, 'Planta', 'Planta', 'Planta');

INSERT INTO partsofmachine (Machines_machines_id, Machines_related_machines_id)
VALUES (83, 66),
(83, 67),
(83, 68),
(83, 69),
(83, 70),
(83, 71),
(83, 72),
(83, 73),
(83, 74),
(83, 75),

(84, 11),
(84, 12),
(84, 13),
(84, 14),
(84, 15),
(84, 16),
(84, 17),
(84, 18),
(84, 19),
(84, 20),
(84, 21),
(84, 22),
(84, 23),
(84, 24),
(84, 25),
(84, 26),
(84, 27),
(84, 28),
(84, 29),
(84, 30),
(84, 31),
(84, 32),
(84, 39),
(84, 41),

(85, 42),
(85, 43),
(85, 44),
(85, 45),
(85, 46),
(85, 47),
(85, 48),
(85, 49),
(85, 50),

(86, 1),
(86, 2),
(86, 3),
(86, 4),
(86, 5),
(86, 6),
(86, 7),
(86, 8),
(86, 9),
(86, 10),
(86, 11),
(86, 12),
(86, 13),
(86, 14),
(86, 15),
(86, 16),
(86, 17),
(86, 18),
(86, 19),
(86, 20),
(86, 21),
(86, 22),
(86, 23),
(86, 24),
(86, 25),
(86, 26),
(86, 27),
(86, 28),
(86, 29),
(86, 30),
(86, 31),
(86, 32),
(86, 33),
(86, 34),
(86, 35),
(86, 36),
(86, 37),
(86, 38),
(86, 39),
(86, 40),
(86, 41),
(86, 42),
(86, 43),
(86, 44),
(86, 45),
(86, 46),
(86, 47),
(86, 48),
(86, 49),
(86, 50),
(86, 51),
(86, 53),
(86, 54),
(86, 55),
(86, 56),
(86, 57),
(86, 58),
(86, 59),
(86, 60),
(86, 61),
(86, 62),
(86, 63),
(86, 64),
(86, 65),
(86, 66),
(86, 68),
(86, 70),
(86, 71),
(86, 72),
(86, 73),
(86, 74),
(86, 75),
(86, 76),
(86, 77),
(86, 78),
(86, 79),
(86, 80),
(86, 81),
(86, 82),
(86, 52),
(86, 67),
(86, 69);